{
  "width": 2691,
  "height": 1766,
  "tables": [
    {
      "id": "first-table",
      "x": 712.706,
      "y": 588.577,
      "width": 240.153,
      "height": 248.875,
      "seats": [
        {
          "x": 91.92,
          "y": 5.68
        },
        {
          "x": 91.92,
          "y": 147.23
        },
        {
          "x": 162.52,
          "y": 76.23
        },
        {
          "x": 22.15,
          "y": 76.23
        },
        {
          "x": 22.15,
          "y": 5.68
        },
        {
          "x": 162.52,
          "y": 147.23
        }
      ]
    },
    {
      "id": "second-table",
      "x": 969.032,
      "y": 588.577,
      "width": 240.153,
      "height": 248.875,
      "seats": [
        {
          "x": 89.58,
          "y": 12.030000000000001
        },
        {
          "x": 89.58,
          "y": 141.26
        },
        {
          "x": 167.69,
          "y": 77.01
        },
        {
          "x": 16.29,
          "y": 77.01
        },
        {
          "x": 16.29,
          "y": 12.030000000000001
        },
        {
          "x": 167.69,
          "y": 141.26
        }
      ]
    },
    {
      "id": "third-table",
      "x": 1226.03,
      "y": 588.577,
      "width": 240.153,
      "height": 248.875,
      "seats": [
        {
          "x": 91.99,
          "y": 5.329999999999998
        },
        {
          "x": 91.99,
          "y": 146.88
        },
        {
          "x": 156.47,
          "y": 75.88
        },
        {
          "x": 22.22,
          "y": 75.88
        },
        {
          "x": 22.22,
          "y": 5.329999999999998
        },
        {
          "x": 156.47,
          "y": 146.88
        }
      ]
    },
    {
      "id": "fourth-table",
      "x": 1483.03,
      "y": 588.577,
      "width": 240.153,
      "height": 248.875,
      "seats": [
        {
          "x": 89.97,
          "y": 11.68
        },
        {
          "x": 89.97,
          "y": 140.91
        },
        {
          "x": 168.08,
          "y": 76.66
        },
        {
          "x": 16.67,
          "y": 76.66
        },
        {
          "x": 16.67,
          "y": 11.68
        },
        {
          "x": 168.08,
          "y": 140.91
        }
      ]
    },
    {
      "id": "fifth-table",
      "x": 1736.89,
      "y": 588.577,
      "width": 240.153,
      "height": 248.875,
      "seats": [
        {
          "x": 91.93,
          "y": 5.590000000000003
        },
        {
          "x": 91.93,
          "y": 147.14
        },
        {
          "x": 162.53,
          "y": 76.14
        },
        {
          "x": 22.159999999999997,
          "y": 76.14
        },
        {
          "x": 22.159999999999997,
          "y": 5.590000000000003
        },
        {
          "x": 162.53,
          "y": 147.14
        }
      ]
    },
    {
      "id": "sixth-table",
      "x": 712.49,
      "y": 849.943,
      "width": 240.153,
      "height": 248.875,
      "seats": [
        {
          "x": 92.14,
          "y": 5.32
        },
        {
          "x": 92.14,
          "y": 146.87
        },
        {
          "x": 162.74,
          "y": 75.87
        },
        {
          "x": 22.369999999999997,
          "y": 75.87
        },
        {
          "x": 22.369999999999997,
          "y": 5.32
        },
        {
          "x": 162.74,
          "y": 146.87
        }
      ]
    },
    {
      "id": "seventh-table",
      "x": 968.816,
      "y": 849.943,
      "width": 240.153,
      "height": 248.875,
      "seats": [
        {
          "x": 89.76,
          "y": 12.009999999999998
        },
        {
          "x": 89.76,
          "y": 141.24
        },
        {
          "x": 167.88,
          "y": 76.99
        },
        {
          "x": 16.47,
          "y": 76.99
        },
        {
          "x": 16.47,
          "y": 12.009999999999998
        },
        {
          "x": 167.88,
          "y": 141.24
        }
      ]
    },
    {
      "id": "eighth-table",
      "x": 1225.82,
      "y": 849.943,
      "width": 240.153,
      "height": 248.875,
      "seats": [
        {
          "x": 92.2,
          "y": 4.960000000000001
        },
        {
          "x": 92.2,
          "y": 138.56
        },
        {
          "x": 162.8,
          "y": 75.51
        },
        {
          "x": 22.43,
          "y": 75.51
        },
        {
          "x": 22.43,
          "y": 4.960000000000001
        },
        {
          "x": 162.8,
          "y": 138.56
        }
      ]
    },
    {
      "id": "ninth-table",
      "x": 1482.82,
      "y": 849.943,
      "width": 240.153,
      "height": 248.875,
      "seats": [
        {
          "x": 90.15,
          "y": 11.649999999999999
        },
        {
          "x": 90.15,
          "y": 140.88
        },
        {
          "x": 168.27,
          "y": 76.63
        },
        {
          "x": 16.86,
          "y": 72.56
        },
        {
          "x": 16.86,
          "y": 11.649999999999999
        },
        {
          "x": 168.27,
          "y": 140.88
        }
      ]
    },
    {
      "id": "tenth-table",
      "x": 1736.89,
      "y": 849.943,
      "width": 240.153,
      "height": 248.875,
      "seats": [
        {
          "x": 91.93,
          "y": 5.219999999999999
        },
        {
          "x": 91.93,
          "y": 135.56
        },
        {
          "x": 162.53,
          "y": 75.77
        },
        {
          "x": 22.159999999999997,
          "y": 75.77
        },
        {
          "x": 22.159999999999997,
          "y": 5.219999999999999
        },
        {
          "x": 162.53,
          "y": 135.56
        }
      ]
    },
    {
      "id": "eleventh-table",
      "x": 712.49,
      "y": 1110.94,
      "width": 240.153,
      "height": 248.875,
      "seats": [
        {
          "x": 92.14,
          "y": 5.32
        },
        {
          "x": 92.14,
          "y": 146.87
        },
        {
          "x": 162.74,
          "y": 75.87
        },
        {
          "x": 22.369999999999997,
          "y": 75.87
        },
        {
          "x": 22.369999999999997,
          "y": 5.32
        },
        {
          "x": 162.74,
          "y": 146.87
        }
      ]
    },
    {
      "id": "twelfth-table",
      "x": 968.816,
      "y": 1110.94,
      "width": 240.153,
      "height": 248.875,
      "seats": [
        {
          "x": 90.8,
          "y": 12.240000000000002
        },
        {
          "x": 90.8,
          "y": 141.47
        },
        {
          "x": 168.91,
          "y": 77.22
        },
        {
          "x": 17.509999999999998,
          "y": 77.22
        },
        {
          "x": 17.509999999999998,
          "y": 12.240000000000002
        },
        {
          "x": 168.91,
          "y": 141.47
        }
      ]
    },
    {
      "id": "thirteenth-table",
      "x": 1225.82,
      "y": 1110.94,
      "width": 240.153,
      "height": 248.875,
      "seats": [
        {
          "x": 92.2,
          "y": 4.960000000000001
        },
        {
          "x": 92.2,
          "y": 146.51
        },
        {
          "x": 162.8,
          "y": 75.51
        },
        {
          "x": 22.43,
          "y": 75.51
        },
        {
          "x": 22.43,
          "y": 4.960000000000001
        },
        {
          "x": 162.8,
          "y": 146.51
        }
      ]
    },
    {
      "id": "fourteenth-table",
      "x": 1482.82,
      "y": 1110.94,
      "width": 240.153,
      "height": 248.875,
      "seats": [
        {
          "x": 90.19,
          "y": 11.880000000000003
        },
        {
          "x": 90.19,
          "y": 141.11
        },
        {
          "x": 168.3,
          "y": 76.86
        },
        {
          "x": 16.89,
          "y": 76.86
        },
        {
          "x": 16.89,
          "y": 11.880000000000003
        },
        {
          "x": 168.3,
          "y": 141.11
        }
      ]
    },
    {
      "id": "fifteenth-table",
      "x": 1736.89,
      "y": 1110.94,
      "width": 240.153,
      "height": 248.875,
      "seats": [
        {
          "x": 91.93,
          "y": 5.229999999999997
        },
        {
          "x": 91.93,
          "y": 146.78
        },
        {
          "x": 162.53,
          "y": 75.78
        },
        {
          "x": 22.159999999999997,
          "y": 75.78
        },
        {
          "x": 22.159999999999997,
          "y": 5.229999999999997
        },
        {
          "x": 162.53,
          "y": 146.78
        }
      ]
    },
    {
      "id": "left-top-table",
      "x": 407.133,
      "y": 534.854,
      "width": 225.347,
      "height": 241.998,
      "seats": [
        {
          "x": 97.37,
          "y": 11.71
        },
        {
          "x": 33.55,
          "y": 67.04
        },
        {
          "x": 33.62,
          "y": 128.86
        },
        {
          "x": 97.37,
          "y": 173.15
        },
        {
          "x": 161.37,
          "y": 67.04
        },
        {
          "x": 161.37,
          "y": 128.86
        }
      ]
    },
    {
      "id": "right-top-table",
      "x": 2063.15,
      "y": 534.078,
      "width": 225.347,
      "height": 241.998,
      "seats": [
        {
          "x": 72.33,
          "y": 12.420000000000002
        },
        {
          "x": 136.14,
          "y": 67.75
        },
        {
          "x": 136.08,
          "y": 129.58
        },
        {
          "x": 72.33,
          "y": 173.87
        },
        {
          "x": 7.350000000000001,
          "y": 67.75
        },
        {
          "x": 7.350000000000001,
          "y": 129.58
        }
      ]
    },
    {
      "id": "left-bottom-table",
      "x": 407.133,
      "y": 948.32,
      "width": 225.347,
      "height": 241.998,
      "seats": [
        {
          "x": 97.37,
          "y": 11.689999999999998
        },
        {
          "x": 33.55,
          "y": 67.02
        },
        {
          "x": 33.62,
          "y": 128.85
        },
        {
          "x": 97.37,
          "y": 173.14
        },
        {
          "x": 161.37,
          "y": 67.02
        },
        {
          "x": 161.37,
          "y": 128.85
        }
      ]
    },
    {
      "id": "right-bottom-table",
      "x": 2063.15,
      "y": 947.545,
      "width": 225.347,
      "height": 241.998,
      "seats": [
        {
          "x": 72.33,
          "y": 12.399999999999999
        },
        {
          "x": 136.14,
          "y": 67.74
        },
        {
          "x": 136.08,
          "y": 129.55
        },
        {
          "x": 72.33,
          "y": 173.85
        },
        {
          "x": 7.350000000000001,
          "y": 67.74
        },
        {
          "x": 7.350000000000001,
          "y": 129.55
        }
      ]
    }
  ]
}